"scenario","region","technology","mean_Jobs","min_Jobs","max_Jobs"
"CAP-A-MAIN","Africa_Eastern","BECCS",4396439.01250296,366369.91770858,10991097.5312574
"CAP-A-MAIN","Africa_Eastern","DAC",6471917.133621,6471917.133621,6471917.133621
"CAP-A-MAIN","Africa_Eastern","OEW",567483.24040264,567483.24040264,567483.24040264
"CAP-A-MAIN","Africa_Eastern","TEW",97969.952491722,97969.952491722,97969.952491722
"CAP-A-MAIN","Africa_Northern","BECCS",2808636.9846252,234053.0820521,7021592.461563
"CAP-A-MAIN","Africa_Northern","DAC",5452647.894204,5452647.894204,5452647.894204
"CAP-A-MAIN","Africa_Northern","OEW",1331605.6622562,1331605.6622562,1331605.6622562
"CAP-A-MAIN","Africa_Northern","TEW",64664.3741451,64664.3741451,64664.3741451
"CAP-A-MAIN","Africa_Southern","BECCS",2156760.8221428,179730.0685119,5391902.055357
"CAP-A-MAIN","Africa_Southern","DAC",4664932.4838216,4664932.4838216,4664932.4838216
"CAP-A-MAIN","Africa_Southern","OEW",1088408.86744638,1088408.86744638,1088408.86744638
"CAP-A-MAIN","Africa_Southern","TEW",51983.51235094,51983.51235094,51983.51235094
"CAP-A-MAIN","Africa_Western","BECCS",9482154.9899322,790179.58249435,23705387.4748305
"CAP-A-MAIN","Africa_Western","DAC",21391966.178421,21391966.178421,21391966.178421
"CAP-A-MAIN","Africa_Western","OEW",4480020.5097702,4480020.5097702,4480020.5097702
"CAP-A-MAIN","Africa_Western","TEW",311716.98300494,311716.98300494,311716.98300494
"CAP-A-MAIN","Argentina","BECCS",680202.37071816,56683.53089318,1700505.9267954
"CAP-A-MAIN","Argentina","DAC",2375230.101381,2375230.101381,2375230.101381
"CAP-A-MAIN","Argentina","OEW",349476.7397914,349476.7397914,349476.7397914
"CAP-A-MAIN","Argentina","TEW",76939.85568986,76939.85568986,76939.85568986
"CAP-A-MAIN","Australia_NZ","BECCS",1777925.83128876,148160.48594073,4444814.5782219
"CAP-A-MAIN","Australia_NZ","DAC",8877374.77071,8877374.77071,8877374.77071
"CAP-A-MAIN","Australia_NZ","OEW",1132707.4282422,1132707.4282422,1132707.4282422
"CAP-A-MAIN","Australia_NZ","TEW",81744.10702028,81744.10702028,81744.10702028
"CAP-A-MAIN","Brazil","BECCS",2516934.41142,209744.534285,6292336.02855
"CAP-A-MAIN","Brazil","DAC",11060199.57129,11060199.57129,11060199.57129
"CAP-A-MAIN","Brazil","OEW",1606724.7413414,1606724.7413414,1606724.7413414
"CAP-A-MAIN","Brazil","TEW",173231.8610528,173231.8610528,173231.8610528
"CAP-A-MAIN","Canada","BECCS",2361220.39916748,196768.36659729,5903050.9979187
"CAP-A-MAIN","Canada","DAC",6730306.08039,6730306.08039,6730306.08039
"CAP-A-MAIN","Canada","OEW",1354317.3330992,1354317.3330992,1354317.3330992
"CAP-A-MAIN","Canada","TEW",94575.83491496,94575.83491496,94575.83491496
"CAP-A-MAIN","Central America and Caribbean","BECCS",1529001.355488,127416.779624,3822503.38872
"CAP-A-MAIN","Central America and Caribbean","DAC",2514673.474899,2514673.474899,2514673.474899
"CAP-A-MAIN","Central America and Caribbean","OEW",512494.5617796,512494.5617796,512494.5617796
"CAP-A-MAIN","Central America and Caribbean","TEW",33057.36782208,33057.36782208,33057.36782208
"CAP-A-MAIN","Central Asia","BECCS",923959.37099112,76996.61424926,2309898.4274778
"CAP-A-MAIN","Central Asia","DAC",2787276.472737,2787276.472737,2787276.472737
"CAP-A-MAIN","Central Asia","OEW",339340.509333,339340.509333,339340.509333
"CAP-A-MAIN","Central Asia","TEW",69364.9334965,69364.9334965,69364.9334965
"CAP-A-MAIN","China","BECCS",20267318.53602,1688943.211335,50668296.34005
"CAP-A-MAIN","China","DAC",47079609.19542,47079609.19542,47079609.19542
"CAP-A-MAIN","China","OEW",8900382.203438,8900382.203438,8900382.203438
"CAP-A-MAIN","China","TEW",406608.6195932,406608.6195932,406608.6195932
"CAP-A-MAIN","Colombia","BECCS",934505.04004116,77875.42000343,2336262.6001029
"CAP-A-MAIN","Colombia","DAC",2741200.632405,2741200.632405,2741200.632405
"CAP-A-MAIN","Colombia","OEW",411678.7406714,411678.7406714,411678.7406714
"CAP-A-MAIN","Colombia","TEW",11997.51590412,11997.51590412,11997.51590412
"CAP-A-MAIN","EU-12","BECCS",2156338.858986,179694.9049155,5390847.147465
"CAP-A-MAIN","EU-12","DAC",5481303.882057,5481303.882057,5481303.882057
"CAP-A-MAIN","EU-12","OEW",1344705.2929568,1344705.2929568,1344705.2929568
"CAP-A-MAIN","EU-12","TEW",105675.18561512,105675.18561512,105675.18561512
"CAP-A-MAIN","EU-15","BECCS",15936565.074948,1328047.089579,39841412.68737
"CAP-A-MAIN","EU-15","DAC",59429466.66768,59429466.66768,59429466.66768
"CAP-A-MAIN","EU-15","OEW",13530646.17693,13530646.17693,13530646.17693
"CAP-A-MAIN","EU-15","TEW",271746.1834862,271746.1834862,271746.1834862
"CAP-A-MAIN","Europe_Eastern","BECCS",409662.64695348,34138.55391279,1024156.6173837
"CAP-A-MAIN","Europe_Eastern","DAC",1070175.51984,1070175.51984,1070175.51984
"CAP-A-MAIN","Europe_Eastern","OEW",167418.6627616,167418.6627616,167418.6627616
"CAP-A-MAIN","Europe_Eastern","TEW",62188.05447226,62188.05447226,62188.05447226
"CAP-A-MAIN","Europe_Non_EU","BECCS",1828399.5682332,152366.6306861,4570998.920583
"CAP-A-MAIN","Europe_Non_EU","DAC",7254297.098607,7254297.098607,7254297.098607
"CAP-A-MAIN","Europe_Non_EU","OEW",1662150.2787686,1662150.2787686,1662150.2787686
"CAP-A-MAIN","Europe_Non_EU","TEW",86421.28843994,86421.28843994,86421.28843994
"CAP-A-MAIN","European Free Trade Association","BECCS",1406933.3398044,117244.4449837,3517333.349511
"CAP-A-MAIN","European Free Trade Association","DAC",3935009.702637,3935009.702637,3935009.702637
"CAP-A-MAIN","European Free Trade Association","OEW",877398.198222,877398.198222,877398.198222
"CAP-A-MAIN","European Free Trade Association","TEW",4449.19728238,4449.19728238,4449.19728238
"CAP-A-MAIN","India","BECCS",19290710.437536,1607559.203128,48226776.09384
"CAP-A-MAIN","India","DAC",27240196.33638,27240196.33638,27240196.33638
"CAP-A-MAIN","India","OEW",6395281.802406,6395281.802406,6395281.802406
"CAP-A-MAIN","India","TEW",504751.2615072,504751.2615072,504751.2615072
"CAP-A-MAIN","Indonesia","BECCS",4923216.0520116,410268.0043343,12308040.130029
"CAP-A-MAIN","Indonesia","DAC",7812312.713688,7812312.713688,7812312.713688
"CAP-A-MAIN","Indonesia","OEW",1843858.5041966,1843858.5041966,1843858.5041966
"CAP-A-MAIN","Indonesia","TEW",110866.1799608,110866.1799608,110866.1799608
"CAP-A-MAIN","Japan","BECCS",3399285.3610512,283273.7800876,8498213.402628
"CAP-A-MAIN","Japan","DAC",13141251.37062,13141251.37062,13141251.37062
"CAP-A-MAIN","Japan","OEW",2952156.81683,2952156.81683,2952156.81683
"CAP-A-MAIN","Japan","TEW",19214.63996,19214.63996,19214.63996
"CAP-A-MAIN","Mexico","BECCS",3148641.2392932,262386.7699411,7871603.098233
"CAP-A-MAIN","Mexico","DAC",6314282.022459,6314282.022459,6314282.022459
"CAP-A-MAIN","Mexico","OEW",1004645.2683526,1004645.2683526,1004645.2683526
"CAP-A-MAIN","Mexico","TEW",54883.02956612,54883.02956612,54883.02956612
"CAP-A-MAIN","Middle East","BECCS",6257704.0576752,521475.3381396,15644260.144188
"CAP-A-MAIN","Middle East","DAC",14208612.328614,14208612.328614,14208612.328614
"CAP-A-MAIN","Middle East","OEW",2879491.156128,2879491.156128,2879491.156128
"CAP-A-MAIN","Middle East","TEW",98718.4921926,98718.4921926,98718.4921926
"CAP-A-MAIN","Pakistan","BECCS",2152538.79367692,179378.23280641,5381346.9841923
"CAP-A-MAIN","Pakistan","DAC",2376117.552051,2376117.552051,2376117.552051
"CAP-A-MAIN","Pakistan","OEW",594151.4512584,594151.4512584,594151.4512584
"CAP-A-MAIN","Pakistan","TEW",58591.72658308,58591.72658308,58591.72658308
"CAP-A-MAIN","Russia","BECCS",2721950.6403648,226829.2200304,6804876.600912
"CAP-A-MAIN","Russia","DAC",5645008.739964,5645008.739964,5645008.739964
"CAP-A-MAIN","Russia","OEW",792703.9055074,792703.9055074,792703.9055074
"CAP-A-MAIN","Russia","TEW",57843.84963378,57843.84963378,57843.84963378
"CAP-A-MAIN","South Africa","BECCS",986946.89152884,82245.57429407,2467367.2288221
"CAP-A-MAIN","South Africa","DAC",1751114.64777,1751114.64777,1751114.64777
"CAP-A-MAIN","South Africa","OEW",412957.767536,412957.767536,412957.767536
"CAP-A-MAIN","South Africa","TEW",20743.34009344,20743.34009344,20743.34009344
"CAP-A-MAIN","South America_Northern","BECCS",251043.36476952,20920.28039746,627608.4119238
"CAP-A-MAIN","South America_Northern","DAC",501102.5939403,501102.5939403,501102.5939403
"CAP-A-MAIN","South America_Northern","OEW",88899.19856402,88899.19856402,88899.19856402
"CAP-A-MAIN","South America_Northern","TEW",8046.271670084,8046.271670084,8046.271670084
"CAP-A-MAIN","South America_Southern","BECCS",1712024.0926062,142668.67438385,4280060.2315155
"CAP-A-MAIN","South America_Southern","DAC",4359517.632759,4359517.632759,4359517.632759
"CAP-A-MAIN","South America_Southern","OEW",596483.9280158,596483.9280158,596483.9280158
"CAP-A-MAIN","South America_Southern","TEW",49381.74768838,49381.74768838,49381.74768838
"CAP-A-MAIN","South Asia","BECCS",2514760.7106288,209563.3925524,6286901.776572
"CAP-A-MAIN","South Asia","DAC",3973170.983529,3973170.983529,3973170.983529
"CAP-A-MAIN","South Asia","OEW",915788.1774362,915788.1774362,915788.1774362
"CAP-A-MAIN","South Asia","TEW",48243.84575882,48243.84575882,48243.84575882
"CAP-A-MAIN","South Korea","BECCS",1086279.1972776,90523.2664398,2715697.993194
"CAP-A-MAIN","South Korea","DAC",4816124.456697,4816124.456697,4816124.456697
"CAP-A-MAIN","South Korea","OEW",1135245.719775,1135245.719775,1135245.719775
"CAP-A-MAIN","South Korea","TEW",9572.44123616,9572.44123616,9572.44123616
"CAP-A-MAIN","Southeast Asia","BECCS",6664617.1556124,555384.7629677,16661542.889031
"CAP-A-MAIN","Southeast Asia","DAC",11502189.60855,11502189.60855,11502189.60855
"CAP-A-MAIN","Southeast Asia","OEW",2407626.9675496,2407626.9675496,2407626.9675496
"CAP-A-MAIN","Southeast Asia","TEW",211149.8731648,211149.8731648,211149.8731648
"CAP-A-MAIN","Taiwan","BECCS",690726.9904548,57560.5825379,1726817.476137
"CAP-A-MAIN","Taiwan","DAC",1118905.340421,1118905.340421,1118905.340421
"CAP-A-MAIN","Taiwan","OEW",301483.5557046,301483.5557046,301483.5557046
"CAP-A-MAIN","USA","BECCS",18373242.3421272,1531103.5285106,45933105.855318
"CAP-A-MAIN","USA","DAC",53575690.56459,53575690.56459,53575690.56459
"CAP-A-MAIN","USA","OEW",8159539.124856,8159539.124856,8159539.124856
"CAP-A-MAIN","USA","TEW",390488.903431,390488.903431,390488.903431
"CAP-B","Africa_Eastern","BECCS",4522596.10340688,376883.00861724,11306490.2585172
"CAP-B","Africa_Eastern","DAC",6402011.829171,6402011.829171,6402011.829171
"CAP-B","Africa_Eastern","OEW",680956.8168046,680956.8168046,680956.8168046
"CAP-B","Africa_Eastern","TEW",99680.67580922,99680.67580922,99680.67580922
"CAP-B","Africa_Northern","BECCS",2803194.1034628,233599.5086219,7007985.258657
"CAP-B","Africa_Northern","DAC",5388694.053747,5388694.053747,5388694.053747
"CAP-B","Africa_Northern","OEW",1383481.9382526,1383481.9382526,1383481.9382526
"CAP-B","Africa_Northern","TEW",64494.66083802,64494.66083802,64494.66083802
"CAP-B","Africa_Southern","BECCS",2189851.67964912,182487.63997076,5474629.1991228
"CAP-B","Africa_Southern","DAC",4595144.2421127,4595144.2421127,4595144.2421127
"CAP-B","Africa_Southern","OEW",1133992.28571014,1133992.28571014,1133992.28571014
"CAP-B","Africa_Southern","TEW",52508.66635454,52508.66635454,52508.66635454
"CAP-B","Africa_Western","BECCS",9595946.17092468,799662.18091039,23989865.4273117
"CAP-B","Africa_Western","DAC",20995555.594371,20995555.594371,20995555.594371
"CAP-B","Africa_Western","OEW",4603864.7373796,4603864.7373796,4603864.7373796
"CAP-B","Africa_Western","TEW",311272.61741174,311272.61741174,311272.61741174
"CAP-B","Argentina","BECCS",2044474.69060056,170372.89088338,5111186.7265014
"CAP-B","Argentina","DAC",12263534.71545,12263534.71545,12263534.71545
"CAP-B","Argentina","OEW",1933382.4507974,1933382.4507974,1933382.4507974
"CAP-B","Argentina","TEW",108413.53033292,108413.53033292,108413.53033292
"CAP-B","Australia_NZ","BECCS",1789894.15317912,149157.84609826,4474735.3829478
"CAP-B","Australia_NZ","DAC",8732480.423694,8732480.423694,8732480.423694
"CAP-B","Australia_NZ","OEW",1184279.8654194,1184279.8654194,1184279.8654194
"CAP-B","Australia_NZ","TEW",81165.30561342,81165.30561342,81165.30561342
"CAP-B","Brazil","BECCS",5472672.706476,456056.058873,13681681.76619
"CAP-B","Brazil","DAC",37806654.295149,37806654.295149,37806654.295149
"CAP-B","Brazil","OEW",5887639.1561362,5887639.1561362,5887639.1561362
"CAP-B","Brazil","TEW",216247.00888532,216247.00888532,216247.00888532
"CAP-B","Canada","BECCS",1721941.09234968,143495.09102914,4304852.7308742
"CAP-B","Canada","DAC",3853340.522841,3853340.522841,3853340.522841
"CAP-B","Canada","OEW",790368.3477366,790368.3477366,790368.3477366
"CAP-B","Canada","TEW",84903.14530614,84903.14530614,84903.14530614
"CAP-B","Central America and Caribbean","BECCS",1889250.7988604,157437.5665717,4723126.997151
"CAP-B","Central America and Caribbean","DAC",3028755.892416,3028755.892416,3028755.892416
"CAP-B","Central America and Caribbean","OEW",774278.6826394,774278.6826394,774278.6826394
"CAP-B","Central America and Caribbean","TEW",36031.73584126,36031.73584126,36031.73584126
"CAP-B","Central Asia","BECCS",2372668.66506432,197722.38875536,5931671.6626608
"CAP-B","Central Asia","DAC",12161027.584467,12161027.584467,12161027.584467
"CAP-B","Central Asia","OEW",1962030.4739264,1962030.4739264,1962030.4739264
"CAP-B","Central Asia","TEW",96668.3307979,96668.3307979,96668.3307979
"CAP-B","China","BECCS",24446495.378652,2037207.948221,61116238.44663
"CAP-B","China","DAC",69610049.27106,69610049.27106,69610049.27106
"CAP-B","China","OEW",13753395.825724,13753395.825724,13753395.825724
"CAP-B","China","TEW",436305.732552,436305.732552,436305.732552
"CAP-B","Colombia","BECCS",1405154.96258844,117096.24688237,3512887.4064711
"CAP-B","Colombia","DAC",5062340.279919,5062340.279919,5062340.279919
"CAP-B","Colombia","OEW",880537.8044148,880537.8044148,880537.8044148
"CAP-B","Colombia","TEW",13417.31882538,13417.31882538,13417.31882538
"CAP-B","EU-12","BECCS",746017.8800424,62168.1566702,1865044.700106
"CAP-B","EU-12","DAC",1484776.356399,1484776.356399,1484776.356399
"CAP-B","EU-12","OEW",174650.2617866,174650.2617866,174650.2617866
"CAP-B","EU-12","TEW",64632.37744324,64632.37744324,64632.37744324
"CAP-B","EU-15","BECCS",5646044.7613392,470503.7301116,14115111.903348
"CAP-B","EU-15","DAC",8190598.40217,8190598.40217,8190598.40217
"CAP-B","EU-15","OEW",1560101.835214,1560101.835214,1560101.835214
"CAP-B","EU-15","TEW",187193.3394294,187193.3394294,187193.3394294
"CAP-B","Europe_Eastern","BECCS",310259.9070822,25854.99225685,775649.7677055
"CAP-B","Europe_Eastern","DAC",894501.0194826,894501.0194826,894501.0194826
"CAP-B","Europe_Eastern","OEW",102662.53338254,102662.53338254,102662.53338254
"CAP-B","Europe_Eastern","TEW",53996.64481968,53996.64481968,53996.64481968
"CAP-B","Europe_Non_EU","BECCS",440238.02988108,36686.50249009,1100595.0747027
"CAP-B","Europe_Non_EU","DAC",1136152.301184,1136152.301184,1136152.301184
"CAP-B","Europe_Non_EU","OEW",125293.58134352,125293.58134352,125293.58134352
"CAP-B","Europe_Non_EU","TEW",48946.94225754,48946.94225754,48946.94225754
"CAP-B","European Free Trade Association","BECCS",720274.1451156,60022.8454263,1800685.362789
"CAP-B","European Free Trade Association","DAC",655140.088776,655140.088776,655140.088776
"CAP-B","European Free Trade Association","OEW",204673.414316,204673.414316,204673.414316
"CAP-B","European Free Trade Association","TEW",3699.2648329,3699.2648329,3699.2648329
"CAP-B","India","BECCS",19307713.40712,1608976.11726,48269283.5178
"CAP-B","India","DAC",27051253.39131,27051253.39131,27051253.39131
"CAP-B","India","OEW",6657450.278404,6657450.278404,6657450.278404
"CAP-B","India","TEW",505017.630187,505017.630187,505017.630187
"CAP-B","Indonesia","BECCS",4905205.835268,408767.152939,12263014.58817
"CAP-B","Indonesia","DAC",7739395.555458,7739395.555458,7739395.555458
"CAP-B","Indonesia","OEW",1934108.36205,1934108.36205,1934108.36205
"CAP-B","Indonesia","TEW",110704.50464438,110704.50464438,110704.50464438
"CAP-B","Japan","BECCS",1578273.62305788,131522.80192149,3945684.0576447
"CAP-B","Japan","DAC",3372817.370889,3372817.370889,3372817.370889
"CAP-B","Japan","OEW",753479.927282,753479.927282,753479.927282
"CAP-B","Japan","TEW",15762.7766161,15762.7766161,15762.7766161
"CAP-B","Mexico","BECCS",4154076.190962,346173.0159135,10385190.477405
"CAP-B","Mexico","DAC",9011992.566579,9011992.566579,9011992.566579
"CAP-B","Mexico","OEW",1823378.5145486,1823378.5145486,1823378.5145486
"CAP-B","Mexico","TEW",61005.03568154,61005.03568154,61005.03568154
"CAP-B","Middle East","BECCS",6246683.4230904,520556.9519242,15616708.557726
"CAP-B","Middle East","DAC",14097759.553005,14097759.553005,14097759.553005
"CAP-B","Middle East","OEW",3004155.379209,3004155.379209,3004155.379209
"CAP-B","Middle East","TEW",98591.0654094,98591.0654094,98591.0654094
"CAP-B","Pakistan","BECCS",2150563.38811092,179213.61567591,5376408.4702773
"CAP-B","Pakistan","DAC",2364788.612241,2364788.612241,2364788.612241
"CAP-B","Pakistan","OEW",617267.5819338,617267.5819338,617267.5819338
"CAP-B","Pakistan","TEW",58605.37589048,58605.37589048,58605.37589048
"CAP-B","Russia","BECCS",2706256.6401672,225521.3866806,6765641.600418
"CAP-B","Russia","DAC",5622417.284382,5622417.284382,5622417.284382
"CAP-B","Russia","OEW",831002.239791,831002.239791,831002.239791
"CAP-B","Russia","TEW",57714.27266846,57714.27266846,57714.27266846
"CAP-B","South Africa","BECCS",987393.83663652,82282.81971971,2468484.5915913
"CAP-B","South Africa","DAC",1723701.651906,1723701.651906,1723701.651906
"CAP-B","South Africa","OEW",430555.429178,430555.429178,430555.429178
"CAP-B","South Africa","TEW",20676.13058404,20676.13058404,20676.13058404
"CAP-B","South America_Northern","BECCS",1173775.57773096,97814.63147758,2934438.9443274
"CAP-B","South America_Northern","DAC",4174523.980683,4174523.980683,4174523.980683
"CAP-B","South America_Northern","OEW",750640.1669121,750640.1669121,750640.1669121
"CAP-B","South America_Northern","TEW",11483.69516739,11483.69516739,11483.69516739
"CAP-B","South America_Southern","BECCS",3392159.20675788,282679.93389649,8480398.0168947
"CAP-B","South America_Southern","DAC",17590274.624514,17590274.624514,17590274.624514
"CAP-B","South America_Southern","OEW",2806859.2626288,2806859.2626288,2806859.2626288
"CAP-B","South America_Southern","TEW",64495.63266636,64495.63266636,64495.63266636
"CAP-B","South Asia","BECCS",2516923.62427944,209743.63535662,6292309.0606986
"CAP-B","South Asia","DAC",3925026.064116,3925026.064116,3925026.064116
"CAP-B","South Asia","OEW",944451.6298344,944451.6298344,944451.6298344
"CAP-B","South Asia","TEW",48074.40322302,48074.40322302,48074.40322302
"CAP-B","South Korea","BECCS",157783.841557716,13148.653463143,394459.60389429
"CAP-B","South Korea","DAC",919276.69930239,919276.69930239,919276.69930239
"CAP-B","South Korea","OEW",37460.229559854,37460.229559854,37460.229559854
"CAP-B","South Korea","TEW",5048.5570214094,5048.5570214094,5048.5570214094
"CAP-B","Southeast Asia","BECCS",6938801.6176068,578233.4681339,17347004.044017
"CAP-B","Southeast Asia","DAC",11449850.48088,11449850.48088,11449850.48088
"CAP-B","Southeast Asia","OEW",2723607.675524,2723607.675524,2723607.675524
"CAP-B","Southeast Asia","TEW",215373.9674718,215373.9674718,215373.9674718
"CAP-B","Taiwan","BECCS",689716.6102104,57476.3841842,1724291.525526
"CAP-B","Taiwan","DAC",1104169.258899,1104169.258899,1104169.258899
"CAP-B","Taiwan","OEW",312991.790546,312991.790546,312991.790546
"CAP-B","USA","BECCS",18275497.541844,1522958.128487,45688743.85461
"CAP-B","USA","DAC",52693091.88564,52693091.88564,52693091.88564
"CAP-B","USA","OEW",8517859.765832,8517859.765832,8517859.765832
"CAP-B","USA","TEW",387223.8051642,387223.8051642,387223.8051642
"EQP-A-MAIN","Africa_Eastern","BECCS",9243276.6070896,770273.0505908,23108191.517724
"EQP-A-MAIN","Africa_Eastern","DAC",27083464.693344,27083464.693344,27083464.693344
"EQP-A-MAIN","Africa_Eastern","OEW",3601972.201586,3601972.201586,3601972.201586
"EQP-A-MAIN","Africa_Eastern","TEW",131723.5919168,131723.5919168,131723.5919168
"EQP-A-MAIN","Africa_Northern","BECCS",3662257.9690788,305188.1640899,9155644.922697
"EQP-A-MAIN","Africa_Northern","DAC",9177568.661583,9177568.661583,9177568.661583
"EQP-A-MAIN","Africa_Northern","OEW",2206983.0127148,2206983.0127148,2206983.0127148
"EQP-A-MAIN","Africa_Northern","TEW",71058.0567028,71058.0567028,71058.0567028
"EQP-A-MAIN","Africa_Southern","BECCS",4564717.6378092,380393.1364841,11411794.094523
"EQP-A-MAIN","Africa_Southern","DAC",14670168.953493,14670168.953493,14670168.953493
"EQP-A-MAIN","Africa_Southern","OEW",3984962.449383,3984962.449383,3984962.449383
"EQP-A-MAIN","Africa_Southern","TEW",68029.72547832,68029.72547832,68029.72547832
"EQP-A-MAIN","Africa_Western","BECCS",15242997.6174924,1270249.8014577,38107494.043731
"EQP-A-MAIN","Africa_Western","DAC",46883313.07194,46883313.07194,46883313.07194
"EQP-A-MAIN","Africa_Western","OEW",11640997.131602,11640997.131602,11640997.131602
"EQP-A-MAIN","Africa_Western","TEW",392912.856437,392912.856437,392912.856437
"EQP-A-MAIN","Argentina","BECCS",621904.83478392,51825.40289866,1554762.0869598
"EQP-A-MAIN","Argentina","DAC",2300833.308651,2300833.308651,2300833.308651
"EQP-A-MAIN","Argentina","OEW",295120.871398,295120.871398,295120.871398
"EQP-A-MAIN","Argentina","TEW",75049.79316828,75049.79316828,75049.79316828
"EQP-A-MAIN","Australia_NZ","BECCS",688808.55598752,57400.71299896,1722021.3899688
"EQP-A-MAIN","Australia_NZ","DAC",2043184.971204,2043184.971204,2043184.971204
"EQP-A-MAIN","Australia_NZ","OEW",212112.5145697,212112.5145697,212112.5145697
"EQP-A-MAIN","Australia_NZ","TEW",58003.94461988,58003.94461988,58003.94461988
"EQP-A-MAIN","Brazil","BECCS",2405010.5058444,200417.5421537,6012526.264611
"EQP-A-MAIN","Brazil","DAC",10341971.035722,10341971.035722,10341971.035722
"EQP-A-MAIN","Brazil","OEW",1527111.6528458,1527111.6528458,1527111.6528458
"EQP-A-MAIN","Brazil","TEW",173748.4232754,173748.4232754,173748.4232754
"EQP-A-MAIN","Canada","BECCS",887781.93563232,73981.82796936,2219454.8390808
"EQP-A-MAIN","Canada","DAC",2040298.671837,2040298.671837,2040298.671837
"EQP-A-MAIN","Canada","OEW",227676.2977638,227676.2977638,227676.2977638
"EQP-A-MAIN","Canada","TEW",64883.12888342,64883.12888342,64883.12888342
"EQP-A-MAIN","Central America and Caribbean","BECCS",1877601.73919124,156466.81159927,4694004.3479781
"EQP-A-MAIN","Central America and Caribbean","DAC",3358636.575843,3358636.575843,3358636.575843
"EQP-A-MAIN","Central America and Caribbean","OEW",745030.264534,745030.264534,745030.264534
"EQP-A-MAIN","Central America and Caribbean","TEW",36298.83887448,36298.83887448,36298.83887448
"EQP-A-MAIN","Central Asia","BECCS",1223362.56674928,101946.88056244,3058406.4168732
"EQP-A-MAIN","Central Asia","DAC",4268363.46777,4268363.46777,4268363.46777
"EQP-A-MAIN","Central Asia","OEW",572441.1486406,572441.1486406,572441.1486406
"EQP-A-MAIN","Central Asia","TEW",78778.97771424,78778.97771424,78778.97771424
"EQP-A-MAIN","China","BECCS",16878882.48438,1406573.540365,42197206.21095
"EQP-A-MAIN","China","DAC",39738046.5213,39738046.5213,39738046.5213
"EQP-A-MAIN","China","OEW",5840254.942672,5840254.942672,5840254.942672
"EQP-A-MAIN","China","TEW",381077.3066424,381077.3066424,381077.3066424
"EQP-A-MAIN","Colombia","BECCS",915362.38783824,76280.19898652,2288405.9695956
"EQP-A-MAIN","Colombia","DAC",2581366.245327,2581366.245327,2581366.245327
"EQP-A-MAIN","Colombia","OEW",384228.4448168,384228.4448168,384228.4448168
"EQP-A-MAIN","Colombia","TEW",11996.93233774,11996.93233774,11996.93233774
"EQP-A-MAIN","EU-12","BECCS",1432594.96458732,119382.91371561,3581487.4114683
"EQP-A-MAIN","EU-12","DAC",2731299.996429,2731299.996429,2731299.996429
"EQP-A-MAIN","EU-12","OEW",529507.513671,529507.513671,529507.513671
"EQP-A-MAIN","EU-12","TEW",89168.52834632,89168.52834632,89168.52834632
"EQP-A-MAIN","EU-15","BECCS",8255378.4419292,687948.2034941,20638446.104823
"EQP-A-MAIN","EU-15","DAC",13910480.34417,13910480.34417,13910480.34417
"EQP-A-MAIN","EU-15","OEW",2776855.383118,2776855.383118,2776855.383118
"EQP-A-MAIN","EU-15","TEW",213095.031848,213095.031848,213095.031848
"EQP-A-MAIN","Europe_Eastern","BECCS",647191.5340458,53932.62783715,1617978.8351145
"EQP-A-MAIN","Europe_Eastern","DAC",1769934.619521,1769934.619521,1769934.619521
"EQP-A-MAIN","Europe_Eastern","OEW",362057.611003,362057.611003,362057.611003
"EQP-A-MAIN","Europe_Eastern","TEW",76039.28464054,76039.28464054,76039.28464054
"EQP-A-MAIN","Europe_Non_EU","BECCS",1455817.90133148,121318.15844429,3639544.7533287
"EQP-A-MAIN","Europe_Non_EU","DAC",4866510.686847,4866510.686847,4866510.686847
"EQP-A-MAIN","Europe_Non_EU","OEW",1063334.9242242,1063334.9242242,1063334.9242242
"EQP-A-MAIN","Europe_Non_EU","TEW",80813.89406982,80813.89406982,80813.89406982
"EQP-A-MAIN","European Free Trade Association","BECCS",457425.9539976,38118.8294998,1143564.884994
"EQP-A-MAIN","European Free Trade Association","DAC",380841.297789,380841.297789,380841.297789
"EQP-A-MAIN","European Free Trade Association","OEW",75146.129512,75146.129512,75146.129512
"EQP-A-MAIN","European Free Trade Association","TEW",3182.90084832,3182.90084832,3182.90084832
"EQP-A-MAIN","India","BECCS",28989042.335928,2415753.527994,72472605.83982
"EQP-A-MAIN","India","DAC",58120990.45611,58120990.45611,58120990.45611
"EQP-A-MAIN","India","OEW",14001190.95984,14001190.95984,14001190.95984
"EQP-A-MAIN","India","TEW",585097.8028076,585097.8028076,585097.8028076
"EQP-A-MAIN","Indonesia","BECCS",5053966.6289472,421163.8857456,12634916.572368
"EQP-A-MAIN","Indonesia","DAC",7892636.592195,7892636.592195,7892636.592195
"EQP-A-MAIN","Indonesia","OEW",1934103.572948,1934103.572948,1934103.572948
"EQP-A-MAIN","Indonesia","TEW",113660.8850018,113660.8850018,113660.8850018
"EQP-A-MAIN","Japan","BECCS",1485096.9893448,123758.0824454,3712742.473362
"EQP-A-MAIN","Japan","DAC",3532412.354205,3532412.354205,3532412.354205
"EQP-A-MAIN","Japan","OEW",594018.9038764,594018.9038764,594018.9038764
"EQP-A-MAIN","Japan","TEW",15505.52160474,15505.52160474,15505.52160474
"EQP-A-MAIN","Mexico","BECCS",2777502.953316,231458.579443,6943757.38329
"EQP-A-MAIN","Mexico","DAC",5113861.219215,5113861.219215,5113861.219215
"EQP-A-MAIN","Mexico","OEW",751934.4349288,751934.4349288,751934.4349288
"EQP-A-MAIN","Mexico","TEW",52463.2845893,52463.2845893,52463.2845893
"EQP-A-MAIN","Middle East","BECCS",6523554.6989184,543629.5582432,16308886.747296
"EQP-A-MAIN","Middle East","DAC",15593730.416994,15593730.416994,15593730.416994
"EQP-A-MAIN","Middle East","OEW",3089300.6300494,3089300.6300494,3089300.6300494
"EQP-A-MAIN","Middle East","TEW",100618.6047144,100618.6047144,100618.6047144
"EQP-A-MAIN","Pakistan","BECCS",5170767.2558208,430897.2713184,12926918.139552
"EQP-A-MAIN","Pakistan","DAC",11676077.014059,11676077.014059,11676077.014059
"EQP-A-MAIN","Pakistan","OEW",3293675.8915964,3293675.8915964,3293675.8915964
"EQP-A-MAIN","Pakistan","TEW",81493.8817946,81493.8817946,81493.8817946
"EQP-A-MAIN","Russia","BECCS",2288662.539318,190721.8782765,5721656.348295
"EQP-A-MAIN","Russia","DAC",5076251.671476,5076251.671476,5076251.671476
"EQP-A-MAIN","Russia","OEW",582142.7471906,582142.7471906,582142.7471906
"EQP-A-MAIN","Russia","TEW",54571.43694876,54571.43694876,54571.43694876
"EQP-A-MAIN","South Africa","BECCS",1106179.25028888,92181.60419074,2765448.1257222
"EQP-A-MAIN","South Africa","DAC",2240285.080767,2240285.080767,2240285.080767
"EQP-A-MAIN","South Africa","OEW",513703.3333246,513703.3333246,513703.3333246
"EQP-A-MAIN","South Africa","TEW",21719.395311,21719.395311,21719.395311
"EQP-A-MAIN","South America_Northern","BECCS",598352.5241394,49862.71034495,1495881.3103485
"EQP-A-MAIN","South America_Northern","DAC",1733904.628365,1733904.628365,1733904.628365
"EQP-A-MAIN","South America_Northern","OEW",324638.7751332,324638.7751332,324638.7751332
"EQP-A-MAIN","South America_Northern","TEW",10629.36025764,10629.36025764,10629.36025764
"EQP-A-MAIN","South America_Southern","BECCS",1621469.4755166,135122.45629305,4053673.6887915
"EQP-A-MAIN","South America_Southern","DAC",3894459.664605,3894459.664605,3894459.664605
"EQP-A-MAIN","South America_Southern","OEW",521542.745667,521542.745667,521542.745667
"EQP-A-MAIN","South America_Southern","TEW",48665.24295084,48665.24295084,48665.24295084
"EQP-A-MAIN","South Asia","BECCS",4945771.7059392,412147.6421616,12364429.264848
"EQP-A-MAIN","South Asia","DAC",12915553.589505,12915553.589505,12915553.589505
"EQP-A-MAIN","South Asia","OEW",3436662.4913966,3436662.4913966,3436662.4913966
"EQP-A-MAIN","South Asia","TEW",61200.3950332,61200.3950332,61200.3950332
"EQP-A-MAIN","South Korea","BECCS",544238.4621264,45353.2051772,1360596.155316
"EQP-A-MAIN","South Korea","DAC",1704832.912722,1704832.912722,1704832.912722
"EQP-A-MAIN","South Korea","OEW",233635.8489586,233635.8489586,233635.8489586
"EQP-A-MAIN","South Korea","TEW",7670.57530164,7670.57530164,7670.57530164
"EQP-A-MAIN","Southeast Asia","BECCS",8337442.3948104,694786.8662342,20843605.987026
"EQP-A-MAIN","Southeast Asia","DAC",15891889.04586,15891889.04586,15891889.04586
"EQP-A-MAIN","Southeast Asia","OEW",3534583.573904,3534583.573904,3534583.573904
"EQP-A-MAIN","Southeast Asia","TEW",229615.061199,229615.061199,229615.061199
"EQP-A-MAIN","Taiwan","BECCS",441107.9572782,36758.99643985,1102769.8931955
"EQP-A-MAIN","Taiwan","DAC",775557.6871353,775557.6871353,775557.6871353
"EQP-A-MAIN","Taiwan","OEW",138982.23264658,138982.23264658,138982.23264658
"EQP-A-MAIN","USA","BECCS",7529722.986048,627476.915504,18824307.46512
"EQP-A-MAIN","USA","DAC",17498153.30661,17498153.30661,17498153.30661
"EQP-A-MAIN","USA","OEW",1477155.3637778,1477155.3637778,1477155.3637778
"EQP-A-MAIN","USA","TEW",276563.280831,276563.280831,276563.280831
"EQP-B","Africa_Eastern","BECCS",9311001.9049752,775916.8254146,23277504.762438
"EQP-B","Africa_Eastern","DAC",26864152.255662,26864152.255662,26864152.255662
"EQP-B","Africa_Eastern","OEW",3635403.426512,3635403.426512,3635403.426512
"EQP-B","Africa_Eastern","TEW",131633.1636968,131633.1636968,131633.1636968
"EQP-B","Africa_Northern","BECCS",3676625.0814612,306385.4234551,9191562.703653
"EQP-B","Africa_Northern","DAC",9122950.797774,9122950.797774,9122950.797774
"EQP-B","Africa_Northern","OEW",2219496.799095,2219496.799095,2219496.799095
"EQP-B","Africa_Northern","TEW",71008.356385,71008.356385,71008.356385
"EQP-B","Africa_Southern","BECCS",4600190.2478988,383349.1873249,11500475.619747
"EQP-B","Africa_Southern","DAC",14559205.452819,14559205.452819,14559205.452819
"EQP-B","Africa_Southern","OEW",3999874.6283124,3999874.6283124,3999874.6283124
"EQP-B","Africa_Southern","TEW",67972.08104506,67972.08104506,67972.08104506
"EQP-B","Africa_Western","BECCS",15351639.8323596,1279303.3193633,38379099.580899
"EQP-B","Africa_Western","DAC",46530997.46616,46530997.46616,46530997.46616
"EQP-B","Africa_Western","OEW",11695175.890496,11695175.890496,11695175.890496
"EQP-B","Africa_Western","TEW",392561.1199972,392561.1199972,392561.1199972
"EQP-B","Argentina","BECCS",911006.08776696,75917.17398058,2277515.2194174
"EQP-B","Argentina","DAC",4247228.797611,4247228.797611,4247228.797611
"EQP-B","Argentina","OEW",542086.273424,542086.273424,542086.273424
"EQP-B","Argentina","TEW",85683.87314828,85683.87314828,85683.87314828
"EQP-B","Australia_NZ","BECCS",692988.47086524,57749.03923877,1732471.1771631
"EQP-B","Australia_NZ","DAC",2031229.172412,2031229.172412,2031229.172412
"EQP-B","Australia_NZ","OEW",213204.66077336,213204.66077336,213204.66077336
"EQP-B","Australia_NZ","TEW",57915.578574,57915.578574,57915.578574
"EQP-B","Brazil","BECCS",3050332.7785728,254194.3982144,7625831.946432
"EQP-B","Brazil","DAC",15710261.226741,15710261.226741,15710261.226741
"EQP-B","Brazil","OEW",2205227.9095078,2205227.9095078,2205227.9095078
"EQP-B","Brazil","TEW",186449.0763086,186449.0763086,186449.0763086
"EQP-B","Canada","BECCS",889380.23483904,74115.01956992,2223450.5870976
"EQP-B","Canada","DAC",2034206.417046,2034206.417046,2034206.417046
"EQP-B","Canada","OEW",229159.2369642,229159.2369642,229159.2369642
"EQP-B","Canada","TEW",64798.42037668,64798.42037668,64798.42037668
"EQP-B","Central America and Caribbean","BECCS",1897111.82875452,158092.65239621,4742779.5718863
"EQP-B","Central America and Caribbean","DAC",3358341.209994,3358341.209994,3358341.209994
"EQP-B","Central America and Caribbean","OEW",758056.735651,758056.735651,758056.735651
"EQP-B","Central America and Caribbean","TEW",36374.58031944,36374.58031944,36374.58031944
"EQP-B","Central Asia","BECCS",1490264.42878932,124188.70239911,3725661.0719733
"EQP-B","Central Asia","DAC",5886155.01636,5886155.01636,5886155.01636
"EQP-B","Central Asia","OEW",811714.2994346,811714.2994346,811714.2994346
"EQP-B","Central Asia","TEW",84137.4393295,84137.4393295,84137.4393295
"EQP-B","China","BECCS",18213506.070768,1517792.172564,45533765.17692
"EQP-B","China","DAC",45079339.93929,45079339.93929,45079339.93929
"EQP-B","China","OEW",6895717.952466,6895717.952466,6895717.952466
"EQP-B","China","TEW",391987.6327334,391987.6327334,391987.6327334
"EQP-B","Colombia","BECCS",1013291.75057832,84440.97921486,2533229.3764458
"EQP-B","Colombia","DAC",3057893.592057,3057893.592057,3057893.592057
"EQP-B","Colombia","OEW",458091.5056968,458091.5056968,458091.5056968
"EQP-B","Colombia","TEW",12328.67402,12328.67402,12328.67402
"EQP-B","EU-12","BECCS",718411.21201344,59867.60100112,1796028.0300336
"EQP-B","EU-12","DAC",1442165.094,1442165.094,1442165.094
"EQP-B","EU-12","OEW",149559.394406,149559.394406,149559.394406
"EQP-B","EU-12","TEW",64270.33453324,64270.33453324,64270.33453324
"EQP-B","EU-15","BECCS",5355371.9169372,446280.9930781,13388429.792343
"EQP-B","EU-15","DAC",8022039.87006,8022039.87006,8022039.87006
"EQP-B","EU-15","OEW",1248780.656528,1248780.656528,1248780.656528
"EQP-B","EU-15","TEW",183418.7041786,183418.7041786,183418.7041786
"EQP-B","Europe_Eastern","BECCS",308322.13417704,25693.51118142,770805.3354426
"EQP-B","Europe_Eastern","DAC",909391.6441527,909391.6441527,909391.6441527
"EQP-B","Europe_Eastern","OEW",102435.29056598,102435.29056598,102435.29056598
"EQP-B","Europe_Eastern","TEW",55281.53741748,55281.53741748,55281.53741748
"EQP-B","Europe_Non_EU","BECCS",437709.18644712,36475.76553726,1094272.9661178
"EQP-B","Europe_Non_EU","DAC",1150333.899303,1150333.899303,1150333.899303
"EQP-B","Europe_Non_EU","OEW",119574.86294062,119574.86294062,119574.86294062
"EQP-B","Europe_Non_EU","TEW",49425.72191234,49425.72191234,49425.72191234
"EQP-B","European Free Trade Association","BECCS",457473.9183576,38122.8265298,1143684.795894
"EQP-B","European Free Trade Association","DAC",379930.97604,379930.97604,379930.97604
"EQP-B","European Free Trade Association","OEW",75674.7216948,75674.7216948,75674.7216948
"EQP-B","European Free Trade Association","TEW",3181.01454352,3181.01454352,3181.01454352
"EQP-B","India","BECCS",29099275.480212,2424939.623351,72748188.70053
"EQP-B","India","DAC",57728443.8633,57728443.8633,57728443.8633
"EQP-B","India","OEW",14079440.911492,14079440.911492,14079440.911492
"EQP-B","India","TEW",584802.628376,584802.628376,584802.628376
"EQP-B","Indonesia","BECCS",5063968.3465116,421997.3622093,12659920.866279
"EQP-B","Indonesia","DAC",7852068.523524,7852068.523524,7852068.523524
"EQP-B","Indonesia","OEW",1944572.2924966,1944572.2924966,1944572.2924966
"EQP-B","Indonesia","TEW",113569.1725984,113569.1725984,113569.1725984
"EQP-B","Japan","BECCS",1421143.4635164,118428.6219597,3552858.658791
"EQP-B","Japan","DAC",3306479.448717,3306479.448717,3306479.448717
"EQP-B","Japan","OEW",546071.2771308,546071.2771308,546071.2771308
"EQP-B","Japan","TEW",15283.22791806,15283.22791806,15283.22791806
"EQP-B","Mexico","BECCS",3012738.1195872,251061.5099656,7531845.298968
"EQP-B","Mexico","DAC",5804758.221324,5804758.221324,5804758.221324
"EQP-B","Mexico","OEW",891820.5913628,891820.5913628,891820.5913628
"EQP-B","Mexico","TEW",54136.20570588,54136.20570588,54136.20570588
"EQP-B","Middle East","BECCS",6537924.068706,544827.0057255,16344810.171765
"EQP-B","Middle East","DAC",15530975.223495,15530975.223495,15530975.223495
"EQP-B","Middle East","OEW",3109196.5560722,3109196.5560722,3109196.5560722
"EQP-B","Middle East","TEW",100554.1263866,100554.1263866,100554.1263866
"EQP-B","Pakistan","BECCS",5185250.635572,432104.219631,12963126.58893
"EQP-B","Pakistan","DAC",11611976.39826,11611976.39826,11611976.39826
"EQP-B","Pakistan","OEW",3312320.381996,3312320.381996,3312320.381996
"EQP-B","Pakistan","TEW",81445.1752338,81445.1752338,81445.1752338
"EQP-B","Russia","BECCS",2291429.466834,190952.4555695,5728573.667085
"EQP-B","Russia","DAC",5063131.878876,5063131.878876,5063131.878876
"EQP-B","Russia","OEW",586322.4817986,586322.4817986,586322.4817986
"EQP-B","Russia","TEW",54525.09332942,54525.09332942,54525.09332942
"EQP-B","South Africa","BECCS",1111623.60646536,92635.30053878,2779059.0161634
"EQP-B","South Africa","DAC",2223489.942075,2223489.942075,2223489.942075
"EQP-B","South Africa","OEW",515848.9602972,515848.9602972,515848.9602972
"EQP-B","South Africa","TEW",21697.158623,21697.158623,21697.158623
"EQP-B","South America_Northern","BECCS",728693.75518512,60724.47959876,1821734.3879628
"EQP-B","South America_Northern","DAC",2319110.106027,2319110.106027,2319110.106027
"EQP-B","South America_Northern","OEW",414742.28375,414742.28375,414742.28375
"EQP-B","South America_Northern","TEW",11062.95345162,11062.95345162,11062.95345162
"EQP-B","South America_Southern","BECCS",2028097.17847116,169008.09820593,5070242.9461779
"EQP-B","South America_Southern","DAC",6445754.368404,6445754.368404,6445754.368404
"EQP-B","South America_Southern","OEW",845051.6762964,845051.6762964,845051.6762964
"EQP-B","South America_Southern","TEW",53132.6448347,53132.6448347,53132.6448347
"EQP-B","South Asia","BECCS",4975319.5998672,414609.9666556,12438298.999668
"EQP-B","South Asia","DAC",12819132.343734,12819132.343734,12819132.343734
"EQP-B","South Asia","OEW",3451747.3258872,3451747.3258872,3451747.3258872
"EQP-B","South Asia","TEW",61154.8508932,61154.8508932,61154.8508932
"EQP-B","South Korea","BECCS",155762.447411316,12980.203950943,389406.11852829
"EQP-B","South Korea","DAC",927522.2712417,927522.2712417,927522.2712417
"EQP-B","South Korea","OEW",35322.351471634,35322.351471634,35322.351471634
"EQP-B","South Korea","TEW",5058.3468846494,5058.3468846494,5058.3468846494
"EQP-B","Southeast Asia","BECCS",8368977.2057508,697414.7671459,20922443.014377
"EQP-B","Southeast Asia","DAC",15793370.47044,15793370.47044,15793370.47044
"EQP-B","Southeast Asia","OEW",3556514.734798,3556514.734798,3556514.734798
"EQP-B","Southeast Asia","TEW",229452.9974006,229452.9974006,229452.9974006
"EQP-B","Taiwan","BECCS",442739.42009952,36894.95167496,1106848.5502488
"EQP-B","Taiwan","DAC",770875.834251,770875.834251,770875.834251
"EQP-B","Taiwan","OEW",139383.3355605,139383.3355605,139383.3355605
"EQP-B","USA","BECCS",7547382.2796924,628948.5233077,18868455.699231
"EQP-B","USA","DAC",17440530.06861,17440530.06861,17440530.06861
"EQP-B","USA","OEW",1486479.1087806,1486479.1087806,1486479.1087806
"EQP-B","USA","TEW",276221.7723876,276221.7723876,276221.7723876
"REP-A","Africa_Eastern","BECCS",1949354.83760724,162446.23646727,4873387.0940181
"REP-A","Africa_Eastern","DAC",2217349.8384345,2217349.8384345,2217349.8384345
"REP-A","Africa_Eastern","OEW",102851.95688796,102851.95688796,102851.95688796
"REP-A","Africa_Eastern","TEW",70746.451492962,70746.451492962,70746.451492962
"REP-A","Africa_Northern","BECCS",2975797.8396852,247983.1533071,7439494.599213
"REP-A","Africa_Northern","DAC",6239318.953254,6239318.953254,6239318.953254
"REP-A","Africa_Northern","OEW",1417334.7369,1417334.7369,1417334.7369
"REP-A","Africa_Northern","TEW",65067.81293802,65067.81293802,65067.81293802
"REP-A","Africa_Southern","BECCS",1274281.31438556,106190.10953213,3185703.2859639
"REP-A","Africa_Southern","DAC",2439033.1170279,2439033.1170279,2439033.1170279
"REP-A","Africa_Southern","OEW",433513.37688456,433513.37688456,433513.37688456
"REP-A","Africa_Southern","TEW",43146.059783858,43146.059783858,43146.059783858
"REP-A","Africa_Western","BECCS",3908116.98234648,325676.41519554,9770292.4558662
"REP-A","Africa_Western","DAC",6273009.064713,6273009.064713,6273009.064713
"REP-A","Africa_Western","OEW",762983.0157206,762983.0157206,762983.0157206
"REP-A","Africa_Western","TEW",214265.80689242,214265.80689242,214265.80689242
"REP-A","Argentina","BECCS",628901.25032388,52408.43752699,1572253.1258097
"REP-A","Argentina","DAC",2202814.101624,2202814.101624,2202814.101624
"REP-A","Argentina","OEW",289369.5911352,289369.5911352,289369.5911352
"REP-A","Argentina","TEW",73972.82284412,73972.82284412,73972.82284412
"REP-A","Australia_NZ","BECCS",1360422.79231716,113368.56602643,3401056.9807929
"REP-A","Australia_NZ","DAC",5028211.624596,5028211.624596,5028211.624596
"REP-A","Australia_NZ","OEW",699550.39971,699550.39971,699550.39971
"REP-A","Australia_NZ","TEW",74781.35989414,74781.35989414,74781.35989414
"REP-A","Brazil","BECCS",1660197.08040792,138349.75670066,4150492.7010198
"REP-A","Brazil","DAC",5918028.76371,5918028.76371,5918028.76371
"REP-A","Brazil","OEW",770481.0215622,770481.0215622,770481.0215622
"REP-A","Brazil","TEW",147985.74301312,147985.74301312,147985.74301312
"REP-A","Canada","BECCS",1966149.3554028,163845.7796169,4915373.388507
"REP-A","Canada","DAC",4698895.666503,4698895.666503,4698895.666503
"REP-A","Canada","OEW",930211.3780504,930211.3780504,930211.3780504
"REP-A","Canada","TEW",89294.66896594,89294.66896594,89294.66896594
"REP-A","Central America and Caribbean","BECCS",1212224.2293852,101018.6857821,3030560.573463
"REP-A","Central America and Caribbean","DAC",1579234.308705,1579234.308705,1579234.308705
"REP-A","Central America and Caribbean","OEW",304904.8681714,304904.8681714,304904.8681714
"REP-A","Central America and Caribbean","TEW",29941.24597736,29941.24597736,29941.24597736
"REP-A","Central Asia","BECCS",1602372.4325796,133531.0360483,4005931.081449
"REP-A","Central Asia","DAC",6213514.831638,6213514.831638,6213514.831638
"REP-A","Central Asia","OEW",927849.0240438,927849.0240438,927849.0240438
"REP-A","Central Asia","TEW",86356.86900416,86356.86900416,86356.86900416
"REP-A","China","BECCS",30284650.655796,2523720.887983,75711626.63949
"REP-A","China","DAC",107462491.49937,107462491.49937,107462491.49937
"REP-A","China","OEW",20987869.015988,20987869.015988,20987869.015988
"REP-A","China","TEW",472472.1940466,472472.1940466,472472.1940466
"REP-A","Colombia","BECCS",567690.61262628,47307.55105219,1419226.5315657
"REP-A","Colombia","DAC",1270318.5071031,1270318.5071031,1270318.5071031
"REP-A","Colombia","OEW",150323.56552312,150323.56552312,150323.56552312
"REP-A","Colombia","TEW",9964.350548374,9964.350548374,9964.350548374
"REP-A","EU-12","BECCS",2363209.2800784,196934.1066732,5908023.200196
"REP-A","EU-12","DAC",6757569.407649,6757569.407649,6757569.407649
"REP-A","EU-12","OEW",1617825.754366,1617825.754366,1617825.754366
"REP-A","EU-12","TEW",109314.06955268,109314.06955268,109314.06955268
"REP-A","EU-15","BECCS",10899743.473698,908311.9561415,27249358.684245
"REP-A","EU-15","DAC",21114198.83814,21114198.83814,21114198.83814
"REP-A","EU-15","OEW",4986713.718402,4986713.718402,4986713.718402
"REP-A","EU-15","TEW",234998.8977942,234998.8977942,234998.8977942
"REP-A","Europe_Eastern","BECCS",979715.69484708,81642.97457059,2449289.2371177
"REP-A","Europe_Eastern","DAC",3007866.324537,3007866.324537,3007866.324537
"REP-A","Europe_Eastern","OEW",754832.5853064,754832.5853064,754832.5853064
"REP-A","Europe_Eastern","TEW",87868.56657872,87868.56657872,87868.56657872
"REP-A","Europe_Non_EU","BECCS",1570214.0365548,130851.1697129,3925535.091387
"REP-A","Europe_Non_EU","DAC",5238455.552943,5238455.552943,5238455.552943
"REP-A","Europe_Non_EU","OEW",1166929.696208,1166929.696208,1166929.696208
"REP-A","Europe_Non_EU","TEW",81477.3091548,81477.3091548,81477.3091548
"REP-A","European Free Trade Association","BECCS",404958.317046,33746.5264205,1012395.792615
"REP-A","European Free Trade Association","DAC",311722.839864,311722.839864,311722.839864
"REP-A","European Free Trade Association","OEW",61786.060404,61786.060404,61786.060404
"REP-A","European Free Trade Association","TEW",3080.1886917,3080.1886917,3080.1886917
"REP-A","India","BECCS",22005781.7301624,1833815.1441802,55014454.325406
"REP-A","India","DAC",36386366.13078,36386366.13078,36386366.13078
"REP-A","India","OEW",7946174.656516,7946174.656516,7946174.656516
"REP-A","India","TEW",521450.6210928,521450.6210928,521450.6210928
"REP-A","Indonesia","BECCS",3982944.5425536,331912.0452128,9957361.356384
"REP-A","Indonesia","DAC",5707563.616254,5707563.616254,5707563.616254
"REP-A","Indonesia","OEW",1202008.302549,1202008.302549,1202008.302549
"REP-A","Indonesia","TEW",102822.46115344,102822.46115344,102822.46115344
"REP-A","Japan","BECCS",2911613.7372972,242634.4781081,7279034.343243
"REP-A","Japan","DAC",9231712.404294,9231712.404294,9231712.404294
"REP-A","Japan","OEW",2157005.695602,2157005.695602,2157005.695602
"REP-A","Japan","TEW",18643.09635288,18643.09635288,18643.09635288
"REP-A","Mexico","BECCS",2641386.11982324,220115.50998527,6603465.2995581
"REP-A","Mexico","DAC",4553560.509417,4553560.509417,4553560.509417
"REP-A","Mexico","OEW",650452.0338946,650452.0338946,650452.0338946
"REP-A","Mexico","TEW",50491.44246722,50491.44246722,50491.44246722
"REP-A","Middle East","BECCS",7865408.3845284,655450.6987107,19663520.961321
"REP-A","Middle East","DAC",19705479.75441,19705479.75441,19705479.75441
"REP-A","Middle East","OEW",4292871.994282,4292871.994282,4292871.994282
"REP-A","Middle East","TEW",106161.0698624,106161.0698624,106161.0698624
"REP-A","Pakistan","BECCS",1947143.66300964,162261.97191747,4867859.1575241
"REP-A","Pakistan","DAC",1930615.445541,1930615.445541,1930615.445541
"REP-A","Pakistan","OEW",444645.3764992,444645.3764992,444645.3764992
"REP-A","Pakistan","TEW",55629.62885928,55629.62885928,55629.62885928
"REP-A","Russia","BECCS",5614982.7997812,467915.2333151,14037456.999453
"REP-A","Russia","DAC",15109352.38263,15109352.38263,15109352.38263
"REP-A","Russia","OEW",3110264.897652,3110264.897652,3110264.897652
"REP-A","Russia","TEW",74087.1901202,74087.1901202,74087.1901202
"REP-A","South Africa","BECCS",1610511.988872,134209.332406,4026279.97218
"REP-A","South Africa","DAC",4560170.306253,4560170.306253,4560170.306253
"REP-A","South Africa","OEW",1126382.8602004,1126382.8602004,1126382.8602004
"REP-A","South Africa","TEW",24505.72727088,24505.72727088,24505.72727088
"REP-A","South America_Northern","BECCS",366926.40703392,30577.20058616,917316.0175848
"REP-A","South America_Northern","DAC",813318.1685943,813318.1685943,813318.1685943
"REP-A","South America_Northern","OEW",157471.51059724,157471.51059724,157471.51059724
"REP-A","South America_Northern","TEW",9171.21584444,9171.21584444,9171.21584444
"REP-A","South America_Southern","BECCS",1295007.61598352,107917.30133196,3237519.0399588
"REP-A","South America_Southern","DAC",2613930.140412,2613930.140412,2613930.140412
"REP-A","South America_Southern","OEW",315664.2136048,315664.2136048,315664.2136048
"REP-A","South America_Southern","TEW",43125.18262144,43125.18262144,43125.18262144
"REP-A","South Asia","BECCS",1755618.3449598,146301.52874665,4389045.8623995
"REP-A","South Asia","DAC",2406244.8752496,2406244.8752496,2406244.8752496
"REP-A","South Asia","OEW",438523.19150752,438523.19150752,438523.19150752
"REP-A","South Asia","TEW",41937.85972614,41937.85972614,41937.85972614
"REP-A","South Korea","BECCS",1154849.3323596,96237.4443633,2887123.330899
"REP-A","South Korea","DAC",5739408.27696,5739408.27696,5739408.27696
"REP-A","South Korea","OEW",1279174.619031,1279174.619031,1279174.619031
"REP-A","South Korea","TEW",9712.1613435,9712.1613435,9712.1613435
"REP-A","Southeast Asia","BECCS",7402763.9829696,616896.9985808,18506909.957424
"REP-A","Southeast Asia","DAC",13893712.190931,13893712.190931,13893712.190931
"REP-A","Southeast Asia","OEW",2861000.7061308,2861000.7061308,2861000.7061308
"REP-A","Southeast Asia","TEW",217637.6256402,217637.6256402,217637.6256402
"REP-A","Taiwan","BECCS",977080.87569984,81423.40630832,2442702.1892496
"REP-A","Taiwan","DAC",2106563.085327,2106563.085327,2106563.085327
"REP-A","Taiwan","OEW",504663.2234378,504663.2234378,504663.2234378
"REP-A","USA","BECCS",17451244.5189624,1454270.3765802,43628111.297406
"REP-A","USA","DAC",47962965.84327,47962965.84327,47962965.84327
"REP-A","USA","OEW",7278270.811504,7278270.811504,7278270.811504
"REP-A","USA","TEW",384228.1785926,384228.1785926,384228.1785926
"REP-B","Africa_Eastern","BECCS",2193206.13141156,182767.17761763,5483015.3285289
"REP-B","Africa_Eastern","DAC",2268501.215637,2268501.215637,2268501.215637
"REP-B","Africa_Eastern","OEW",171321.96416826,171321.96416826,171321.96416826
"REP-B","Africa_Eastern","TEW",75889.478970414,75889.478970414,75889.478970414
"REP-B","Africa_Northern","BECCS",2982685.6449924,248557.1370827,7456714.112481
"REP-B","Africa_Northern","DAC",6159432.001464,6159432.001464,6159432.001464
"REP-B","Africa_Northern","OEW",1459268.858413,1459268.858413,1459268.858413
"REP-B","Africa_Northern","TEW",64912.2970815,64912.2970815,64912.2970815
"REP-B","Africa_Southern","BECCS",1325929.85120028,110494.15426669,3314824.6280007
"REP-B","Africa_Southern","DAC",2435686.217892,2435686.217892,2435686.217892
"REP-B","Africa_Southern","OEW",474914.86202714,474914.86202714,474914.86202714
"REP-B","Africa_Southern","TEW",44898.645815378,44898.645815378,44898.645815378
"REP-B","Africa_Western","BECCS",4008336.4963032,334028.0413586,10020841.240758
"REP-B","Africa_Western","DAC",6377489.70909,6377489.70909,6377489.70909
"REP-B","Africa_Western","OEW",812242.1897536,812242.1897536,812242.1897536
"REP-B","Africa_Western","TEW",219046.44406296,219046.44406296,219046.44406296
"REP-B","Argentina","BECCS",1606106.61597996,133842.21799833,4015266.5399499
"REP-B","Argentina","DAC",9095729.087298,9095729.087298,9095729.087298
"REP-B","Argentina","OEW",1298948.2315354,1298948.2315354,1298948.2315354
"REP-B","Argentina","TEW",100861.20074658,100861.20074658,100861.20074658
"REP-B","Australia_NZ","BECCS",1361480.91866172,113456.74322181,3403702.2966543
"REP-B","Australia_NZ","DAC",4949497.159386,4949497.159386,4949497.159386
"REP-B","Australia_NZ","OEW",710693.2106674,710693.2106674,710693.2106674
"REP-B","Australia_NZ","TEW",74049.3433799,74049.3433799,74049.3433799
"REP-B","Brazil","BECCS",4303293.4513344,358607.7876112,10758233.628336
"REP-B","Brazil","DAC",26502717.117909,26502717.117909,26502717.117909
"REP-B","Brazil","OEW",3740795.467069,3740795.467069,3740795.467069
"REP-B","Brazil","TEW",199436.45874574,199436.45874574,199436.45874574
"REP-B","Canada","BECCS",1765844.964768,147153.747064,4414612.41192
"REP-B","Canada","DAC",3833221.244982,3833221.244982,3833221.244982
"REP-B","Canada","OEW",787864.6668166,787864.6668166,787864.6668166
"REP-B","Canada","TEW",85591.60167406,85591.60167406,85591.60167406
"REP-B","Central America and Caribbean","BECCS",1628452.5252816,135704.3771068,4071131.313204
"REP-B","Central America and Caribbean","DAC",2297437.72899,2297437.72899,2297437.72899
"REP-B","Central America and Caribbean","OEW",546058.646516,546058.646516,546058.646516
"REP-B","Central America and Caribbean","TEW",33875.81934,33875.81934,33875.81934
"REP-B","Central Asia","BECCS",2236863.0371004,186405.2530917,5592157.592751
"REP-B","Central Asia","DAC",11246277.173898,11246277.173898,11246277.173898
"REP-B","Central Asia","OEW",1739140.4435716,1739140.4435716,1739140.4435716
"REP-B","Central Asia","TEW",96096.90006104,96096.90006104,96096.90006104
"REP-B","China","BECCS",30342511.075356,2528542.589613,75856277.68839
"REP-B","China","DAC",106335132.01146,106335132.01146,106335132.01146
"REP-B","China","OEW",21682499.005762,21682499.005762,21682499.005762
"REP-B","China","TEW",471880.48766,471880.48766,471880.48766
"REP-B","Colombia","BECCS",1118408.07805944,93200.67317162,2796020.1951486
"REP-B","Colombia","DAC",3450543.6404712,3450543.6404712,3450543.6404712
"REP-B","Colombia","OEW",534820.39117596,534820.39117596,534820.39117596
"REP-B","Colombia","TEW",12408.89375204,12408.89375204,12408.89375204
"REP-B","EU-12","BECCS",750154.14955272,62512.84579606,1875385.3738818
"REP-B","EU-12","DAC",1480284.208059,1480284.208059,1480284.208059
"REP-B","EU-12","OEW",170820.4029826,170820.4029826,170820.4029826
"REP-B","EU-12","TEW",64562.49769778,64562.49769778,64562.49769778
"REP-B","EU-15","BECCS",5666934.3358188,472244.5279849,14167335.839547
"REP-B","EU-15","DAC",8145728.40345,8145728.40345,8145728.40345
"REP-B","EU-15","OEW",1468423.534914,1468423.534914,1468423.534914
"REP-B","EU-15","TEW",186043.5669808,186043.5669808,186043.5669808
"REP-B","Europe_Eastern","BECCS",312355.2719526,26029.60599605,780888.1798815
"REP-B","Europe_Eastern","DAC",893739.9273987,893739.9273987,893739.9273987
"REP-B","Europe_Eastern","OEW",106444.43846084,106444.43846084,106444.43846084
"REP-B","Europe_Eastern","TEW",54984.89075872,54984.89075872,54984.89075872
"REP-B","Europe_Non_EU","BECCS",444719.89008588,37059.99084049,1111799.7252147
"REP-B","Europe_Non_EU","DAC",1133263.845621,1133263.845621,1133263.845621
"REP-B","Europe_Non_EU","OEW",120092.9174122,120092.9174122,120092.9174122
"REP-B","Europe_Non_EU","TEW",48603.29309288,48603.29309288,48603.29309288
"REP-B","European Free Trade Association","BECCS",404364.9407076,33697.0783923,1010912.351769
"REP-B","European Free Trade Association","DAC",310399.144539,310399.144539,310399.144539
"REP-B","European Free Trade Association","OEW",63662.3190908,63662.3190908,63662.3190908
"REP-B","European Free Trade Association","TEW",3075.50505262,3075.50505262,3075.50505262
"REP-B","India","BECCS",22144373.489868,1845364.457489,55360933.72467
"REP-B","India","DAC",36120526.30572,36120526.30572,36120526.30572
"REP-B","India","OEW",8231549.588,8231549.588,8231549.588
"REP-B","India","TEW",523399.0192038,523399.0192038,523399.0192038
"REP-B","Indonesia","BECCS",3992264.9373852,332688.7447821,9980662.343463
"REP-B","Indonesia","DAC",5683168.326702,5683168.326702,5683168.326702
"REP-B","Indonesia","OEW",1247566.102124,1247566.102124,1247566.102124
"REP-B","Indonesia","TEW",103026.16777054,103026.16777054,103026.16777054
"REP-B","Japan","BECCS",1596023.9997018,133001.99997515,3990059.9992545
"REP-B","Japan","DAC",3363481.042209,3363481.042209,3363481.042209
"REP-B","Japan","OEW",730128.8607174,730128.8607174,730128.8607174
"REP-B","Japan","TEW",15752.76357924,15752.76357924,15752.76357924
"REP-B","Mexico","BECCS",3620901.3465276,301741.7788773,9052253.366319
"REP-B","Mexico","DAC",7107111.793341,7107111.793341,7107111.793341
"REP-B","Mexico","OEW",1293135.8627196,1293135.8627196,1293135.8627196
"REP-B","Mexico","TEW",57622.09433604,57622.09433604,57622.09433604
"REP-B","Middle East","BECCS",7866275.2413264,655522.9367772,19665688.103316
"REP-B","Middle East","DAC",19511694.71919,19511694.71919,19511694.71919
"REP-B","Middle East","OEW",4420803.716048,4420803.716048,4420803.716048
"REP-B","Middle East","TEW",105962.1937844,105962.1937844,105962.1937844
"REP-B","Pakistan","BECCS",1957145.19443712,163095.43286976,4892862.9860928
"REP-B","Pakistan","DAC",1931258.090958,1931258.090958,1931258.090958
"REP-B","Pakistan","OEW",463281.9285772,463281.9285772,463281.9285772
"REP-B","Pakistan","TEW",55925.79924808,55925.79924808,55925.79924808
"REP-B","Russia","BECCS",4794166.4760984,399513.8730082,11985416.190246
"REP-B","Russia","DAC",11923291.761084,11923291.761084,11923291.761084
"REP-B","Russia","OEW",2351434.0957044,2351434.0957044,2351434.0957044
"REP-B","Russia","TEW",69470.37720142,69470.37720142,69470.37720142
"REP-B","South Africa","BECCS",1617655.0745844,134804.5895487,4044137.686461
"REP-B","South Africa","DAC",4493519.966682,4493519.966682,4493519.966682
"REP-B","South Africa","OEW",1158961.5303618,1158961.5303618,1158961.5303618
"REP-B","South Africa","TEW",24452.80960062,24452.80960062,24452.80960062
"REP-B","South America_Northern","BECCS",948059.06367312,79004.92197276,2370147.6591828
"REP-B","South America_Northern","DAC",3233128.9302942,3233128.9302942,3233128.9302942
"REP-B","South America_Northern","OEW",560377.30558062,560377.30558062,560377.30558062
"REP-B","South America_Northern","TEW",11294.71291208,11294.71291208,11294.71291208
"REP-B","South America_Southern","BECCS",2808390.64011228,234032.55334269,7020976.6002807
"REP-B","South America_Southern","DAC",12298267.017645,12298267.017645,12298267.017645
"REP-B","South America_Southern","OEW",1757813.307017,1757813.307017,1757813.307017
"REP-B","South America_Southern","TEW",59808.87714974,59808.87714974,59808.87714974
"REP-B","South Asia","BECCS",1762930.41879336,146910.86823278,4407326.0469834
"REP-B","South Asia","DAC",2389988.558937,2389988.558937,2389988.558937
"REP-B","South Asia","OEW",451524.1316504,451524.1316504,451524.1316504
"REP-B","South Asia","TEW",41979.8163667,41979.8163667,41979.8163667
"REP-B","South Korea","BECCS",158706.829858116,13225.569154843,396767.07464529
"REP-B","South Korea","DAC",918210.29536539,918210.29536539,918210.29536539
"REP-B","South Korea","OEW",36635.059511214,36635.059511214,36635.059511214
"REP-B","South Korea","TEW",5046.3230116694,5046.3230116694,5046.3230116694
"REP-B","Southeast Asia","BECCS",7581187.3053972,631765.6087831,18952968.263493
"REP-B","Southeast Asia","DAC",13780459.74519,13780459.74519,13780459.74519
"REP-B","Southeast Asia","OEW",3084338.532924,3084338.532924,3084338.532924
"REP-B","Southeast Asia","TEW",220700.8548236,220700.8548236,220700.8548236
"REP-B","Taiwan","BECCS",979662.94901244,81638.57908437,2449157.3725311
"REP-B","Taiwan","DAC",2078294.376678,2078294.376678,2078294.376678
"REP-B","Taiwan","OEW",519204.417111,519204.417111,519204.417111
"REP-B","USA","BECCS",17354746.3123956,1446228.8593663,43386865.780989
"REP-B","USA","DAC",47222571.92085,47222571.92085,47222571.92085
"REP-B","USA","OEW",7389099.593932,7389099.593932,7389099.593932
"REP-B","USA","TEW",380102.984009,380102.984009,380102.984009
